ID,"Account type
""Identified
Anonymous
Media""",Tweet Type,Tweet Type (2),Tweet Type (3),Date posted,Screenshot,Tweet ID,Tweet,Content type
00-1,Identified,Reply,,,12/26/21 22:35,00-1.png,1475113095395966978,"@_ultravioletred @jersonality If their ED was done by a CPP cadre, the educator would've been reprimanded for sure. Whoever that educator is, they're probably still thinking in the 90s. Wake up kas, RA/RJ split is not that relevant anymore, lol. Embrace your comrades like what Neri, Labog, and Zarate did.",Rational
00-2,Identified,Reply,,,12/28/21 13:25,00-2.png,1475699422982189061,@lukatmhe Colmenarez family ay part sa legal front ng NPA. At saka may first cousin si Angel Locsin na big time drug dealer ng shabu sa Cebu. Siya ay former Local Beauty Queen. Mismo si Neri Colmenarez naki usap sa mga police na wag galawin or itumba.,Rational
00-3,Anonymous,Reply,,,12/29/21 20:47,00-3.png,1476173017458016256,"@weirdnow1 @pnagovph yay üòÇüòÇüòÇ kaya pa nmn mag pakamatay yang sina Elago,Zarate,Colmenares,Nato Reyes sa pakiki bakbakan.Tanggaaa yung mga nasapi sa NPA",Emotional
00-4,Anonymous,Reply,,,01/07/22 14:37,00-4.png,1479341371219902468,"@ColmenaresPH Shut Up Colmenares NPA. SALOT KA
 
 #Nerveagain",Emotional
00-5,Anonymous,Reply,,,01/08/22 06:25,00-5.png,1479580070922846209,AHAHAHAHA neri niyo NPA,Emotional
00-6,Anonymous,Text,,,01/08/22 08:48,00-6.png,1479616060944879617,"Hanggang sa Ngayon walang statement Ang mga hinayupak na CPP NPA si Marco Valbuena at mga Makabayan Bloc hinggil sa pagkalagas Ng tatlong leader nila sa Mindanao ,Colmenares Bata mo lagas na! Ano na Naman mga kwento nyo?",Rational
00-7,Anonymous,Reply,,,01/10/22 14:24,00-7.png,1480425377814048772,"@KoigoesB The NPA was a major contributor to his father's downfall. He really needs to let them have it, for himself and the country. We have teached Sri Lanka's awakening against the Tamils. Jail the likes of Sarah, Neri and Teddy. Enough commie BS. No more fish talks.",Transactional
00-8,Identified,Reply,,,01/14/22 22:52,00-8.png,1482002779040215043,@News5PH Si colmenares NPA pala to hndj si Carpio,Emotional
00-9,Anonymous,Reply,,,01/15/22 06:32,00-9.png,1482118373672878085,@News5PH eh ang @BayanMuna gaano kadami ang kasalanan nila? papatawa itong si @ColmenaresPH . patigasan na ng mukha. kung makaakusa ng ibang tao akala mo napakalinis. eh daming kabataan na namatay dahil sa NPA at isa si Colmenares ang dahilan bakit sumanib ang mga iyon,Emotional
00-10,Anonymous,Reply,,,01/15/22 19:21,00-10.png,1482312089351819267,"@Fairboz1 Sino ka para magsasabi sa amin kung sinong deserving? Dahil sa totohanan lang, ikaw Colmenares at mga kapanalig mong CPP NPA NDF ang tunay na SALOT ng Bayang ito.",Emotional
00-11,Anonymous,Reply,,,01/17/22 00:11,00-11.png,1482747377312493570,"kahit naman walang pandemic. hinaharang mo ang pagbili ng mga military infrastructure. so ULOL ka lang talaga. NPA REPRESENTATIVE NERI COLMENARES!
 
 HUWAG IBOTO!",Emotional
00-12,Anonymous,Reply,,,01/17/22 00:20,00-12.png,1482749501299433473,"@ColmenaresPH Para maubos na ang mga NPA. Sana nga tamaan ka na rin ng bala Colmenares. Kahit ligaw lang. At di mo naman kailangang intindihin iyan, basta kailangan iyan, para sa tulad niyo... Mga salot",Emotional
00-13,Anonymous,Text,,,01/17/22 00:33,00-13.png,1482753007200915456,"To NPA representative neri colmenares
 
 The Philippine Army, through its Armor Division, has acquired a newly delivered 15 M125A2 Armored Mortar Carrier (AMC) equipped with 120mm Mounted Mortar System (MMS) from Israel's Elbit Systems on December 29, 2021.
 
 https://t.co/LQ1qLRW3SX https://t.co/ecBD3ptX0x",Rational
00-14,Anonymous,Reply,,,01/17/22 02:49,00-14.png,1482786994036125703,"@IceMixch @ColmenaresPH Para yan sa mga alipores ni colmenares, pra maubos na mga npa sa bundok ü§£ü§£ü§£",Emotional
00-15,Identified,Reply,,,01/17/22 08:49,00-15.png,1482877781948002305,@ColmenaresPH Neri boy diba npa ka takot kna ba bka i battery ka ng armalight or gunship ka sa kuta mo?,Emotional
00-16,Anonymous,Reply,,,01/17/22 11:27,00-16.png,1482917342535241734,@ColmenaresPH It will be used to finished off terrorist like you ... mga salot kasi kayo sa lipunan.. kayo ang nangugulo sa tahimik na bayan nato... neri you are a terrorist npa,Emotional
00-17,Identified,Reply,,,01/17/22 13:36,00-17.png,1482949923226243076,"@ColmenaresPH COLMENARES, you are undeserving as a government officials. You better off go to mountain and stay with your comrades NPA.",Transactional
00-18,Identified,Reply,,,01/17/22 15:08,00-18.png,1482973181153533953,@loidasandiego77 Hahaha pasalamat itong si colmenares at hindi pinutol ang titi nito kulang pa yan parusa sa kagaya nyang pasaway sa gobyerno at kahit sabihin niyang tinumbong pa hindi ko ibubuto ang isang kasapi ng teroristang npa,Emotional
00-19,Identified,Reply,,,01/18/22 06:19,00-19.png,1483202289594732544,"@IceMixch @ColmenaresPH Alangan naman giyerahin ang sariling kasundaluhan, syempre ang mga alagad ni Colmenares na NPA at kailangan ba dapat may giyera para bumili? Palibhasa purp kayong mga troll ng Ina Nyo.",Emotional
00-20,Anonymous,Reply,,,01/18/22 08:46,00-20.png,1483239266444472323,@ColmenaresPH mr. colmenares natatandaan niyo pa ho pa pag punta niyo dito sa hong kong ni gordon? tuwang tuwa ang mga tao di ho ba.. ngayon ho wag na kayong magtangka kasi ikakampanya ko pong wag kayong iboto dahil salot kayo sa lipunan dahil isa rin kayo sa miyembro malamang ng NPA,Emotional
00-21,Anonymous,Reply,,,01/18/22 20:46,00-21.png,1483420625683517443,"aayyyssuus üòÇüòÇüòÇ

anong pang lalaban ng Gov't. sa kasapi mong NPA laway na duduraan lang tunaw na kalaban? Takot ka lang Ka Neri üòÇüòÇüòÇ",Transactional
00-22,Identified,Reply,,,01/18/22 21:25,00-23.png,1483430407521841152,@ColmenaresPH Huy Buteteng Neri...Tama lang na bumili ng gamit pang giyera ang government. Para ubusin ang mga kasapi nyo na mga SALOT na NPA.,Emotional
00-23,Anonymous,Reply,,,01/19/22 08:25,00-23.png,1483596564861915136,"mas totoo ito at may pagmamahal sa bayan kaysa mga trapo at NPA enablers like gordick, virushonti, binay, delima, trillanes, Villanova, gatchalian, zubiri, trapoe, colmenares, jokeno",Transactional
00-24,Anonymous,Reply,,,01/19/22 12:50,00-24.png,1483663172330737664,@sandiego_gas Mahirap planohin ang manguryente ng titi ng iba niloloko tayo ni Neri Colminares sinungaling iyang NPA na iyan.,Emotional
00-25,Anonymous,Reply,,,01/20/22 11:44,00-25.png,1484008889628561408,"@LilMsMalditaMD Samantalang mga recruits ng NPA (na kaibigan nina Bello, Colmenares, Elago, Casino at Zarate) 12 years old pa lang nagsasanay nang pumatay (at sa babae,pakangkang kay Kumander)!!!",Rational
00-26,Anonymous,Reply,,,01/21/22 15:35,00-26.png,1484429447839494151,A COMMUNIST ALLY like this person NERI COLMINARES should not be voted and get a post in the senate....guys  NPA supporter yan a traitor to PH government ü§®ü§®,Rational
00-27,Anonymous,Reply,,,01/21/22 17:41,00-27.png,1484461210900725766,@ColmenaresPH Neri - inutil na recruiter ng NPA,Rational
00-28,Anonymous,Reply,,,01/22/22 01:39,00-28.png,1484581465006362627,@ColmenaresPH AYAW NA NI COLMENARES MAGPAKITA DITO SA PROBINSIYA! KILALA KA NAMIN NA RECRUITER KA NG NPA! KAYA PANAY IWAS NIYO PA DITO KASAMA NA RIN SI ZARATE!,Rational
00-29,Identified,Reply,,,01/22/22 12:26,00-29.png,1484744316027568129,@bigberde @khen0t24 @iMthinkingPinoy SMNI dyan yata ung interview sa isang nag surrender na rebel tapos ibinulgar nya ung pagiging lider ni NERI COLMENARES sa kilusang CPP-NDF NPA na tumatakbong SENADOR sa ilalim ni VP LENI,Transactional
00-30,Anonymous,Reply,,,01/22/22 16:51,00-30.png,1484810889090170881,"@ColmenaresPH SHUNGA? AY GAY LANGUAGE! BAKLA PALA TO SI KEN KEN! IKAW NA BOBO KA AT WALANG KWENTA, SANA MA RECRUIT KA NG NERI MO, PARA DALHIN KA SA BUNDOK AT PAG PARAUSAN NG MGA KOMANDER NG NPA!",Emotional
00-31,Identified,Text,,,01/22/22 20:32,00-31.png,1484866637463695362,"Neri colmenares hayop ka, npa terorista ka pa. Demonyo ka!",Emotional
00-32,Anonymous,Image (including GIF),,,01/24/22 00:12,00-32.png,1485284275868119055,"We already know them very well Karen. Di na namin kailangan panoorin pa sila sa zarsuela ninyo. Yung ayaw namin kilalanin eh yung wala kaming balak iboto, kagaya ni Ka Leody at NPA Colmenares. https://t.co/qALYSepg7k",Emotional
00-33,Anonymous,Reply,,,01/24/22 08:06,00-33.png,1485403535701606406,"@PaxtonDy Nagsalita ang  punagmalaking nakuryente ang iisang bayag, wag ka na Neil Colmenares. Bilang na araw nyo mga unggoy ni Joma Sison. Paubos na mga uto uto nyong NPA sa bundok, at bumalimbing na ang iba sa NDF nyo.üòÇüòÇüòÇüòÇ",Emotional
00-34,Anonymous,Reply,,,01/24/22 19:58,00-34.png,1485582727265263618,@ClosetMenChu @olymichael @ColmenaresPH @atomaraullo Yan ang hindi maintindihan nga mga tangang kakampink...tignan mo si neri colmenares puro ngawngaw...sa ngawngaw lang malakas ...NPA kasi ang gago,Transactional
00-35,Identified,Reply,,,01/25/22 18:49,00-35.png,1485927707544551428,"@mlq3 NPA Supporters! Akbayan at Colmenares, radical extremists",Rational
00-36,Anonymous,Reply,,,01/26/22 00:39,00-36.png,1486015778440712192,@mannycatabas @ColmenaresPH Impeachable dba? bakit ayaw magfile ni Neri ng Impeachment Case kay Digong? hahahaha ü§£ Tanong mo si Neri kung bakit alam nilang 25K ang food budget ng oversize NPA platoon sa loob ng 2 buwan.,Emotional
00-37,Anonymous,Reply,,,01/26/22 00:42,00-37.png,1486016747446566914,"@NarsFlorence @notetoself47 @ColmenaresPH Tanongin mo nga si Neri pano nya nalaman na 25K yung budget sa food ng oversize NPA platoon for 2 months? 
 
 Impeachable pala hidi mag public ng SALN bakit si Duterte ayaw niya ipaimpeach?",Emotional
00-38,Anonymous,Reply,,,01/26/22 00:47,00-38.png,1486017791450701826,"@ColmenaresPH  ""Neri Colmenares and Rene Magtugbo, I was told, said no way would the finance officers of their ""party groups,"" whatever these are, authorize an allocation of P25,000 for a dinner. That's the food budget of an oversized NPA platoon for two months, one of them explained.""üòÇ",Rational
00-39,Anonymous,Reply,,,01/27/22 12:47,00-39.png,1486561411236970496,"@PhilstarNews To tell the Truth , Why dont you tell Mr. Colmenares that your Bayan Muna party list is a legal front of CPP and you are allied with Joma Sison , tingnan niyo muna sarili niyo bago kayo humusga ng kalaban niyo sa politika.",Emotional
00-40,Identified,Reply,,,01/27/22 12:59,00-40.png,1486564536014364676,"@ColmenaresPH Yun lang Neri, ikaw nga NPA hndi umaamin, salot!",Emotional
00-41,Anonymous,Reply,,,01/27/22 18:06,00-41.png,1486641863243100162,"@inquirerdotnet Sige pa Colmenares, isiksik mo pa sarili mo. Wala ka pa rin pagasa manalo. Bumalik ka na lang sa bundok kasama ang tropa mong NPA",Emotional
00-42,Anonymous,Reply,,,01/27/22 21:20,00-42.png,1486690545670197251,"nag-iingay ka din tulad ni Rowena Guanzon?ü§£üòÖü§£
Ka Neri na NPA di na uubra style mo at alam ko ngayon pa lang takot na ang Grupo niyo dahil pag nanalo si BBM üòÖüòÖüòÖ utas kayo.",Emotional
00-43,Anonymous,Reply,,,01/28/22 01:05,00-43.png,1486747116760297472,"@jd_specter @LakasNgTimog Mas maraming pinatay ang mga NPA, bakit ayaw nyo na humingi ng tawag din si Joma, Chel, Satur, Colmenares, Sarah Elago at mga ibang alipores ni Jomang NDF?",Rational
00-44,Anonymous,Reply,,,01/28/22 19:41,00-44.png,1487028076248592385,"@Sinel1Sinel @iampinglacson @MargarethMiche6 Haha si Abnoy pa ang ina admire na minura ng isang Ambassador ng Amerika noong kasagsagan ng Hearing ng SAF44 mismo sa Malacanang.Pathetic.weeeh, di nga kinalaban niya ang mga NPA eh, tiklop nga sya sa mga Teroristang si Colmenares noong sa senado at nilaglag niya ang NTF ELCAC",Emotional
00-45,Anonymous,Reply,,,01/28/22 21:23,00-45.png,1487053715659845632,@ColmenaresPH Si Neri ay kasapi ng NPA. End of story.,Emotional
00-46,Identified,Reply,,,01/28/22 21:59,00-46.png,1487062708897792002,"1Sambayan is actually a museum of trash. So, you are a perfect addition to that, NPA Colmenares. Congrats!",Emotional
00-47,Anonymous,Reply,,,01/29/22 02:05,00-47.png,1487124705849090067,"@bongbongmarcos Because Robredo is NPA, then Guanzon & Neri who point their finger at me from ""right"" to UP Left are NPAs too since they will vote for Robredo and not Marcos.- Domingo, Intelligence Chief, CPP-NPA.",Rational
00-48,Identified,Reply,,,01/29/22 05:18,00-48.png,1487173174852681729,@PhilstarNews @XaveGregorio NPA advocate Colmenares endorsing vp leni? So they are friends.,Transactional
00-49,Identified,Text,,,01/29/22 10:59,00-49.png,1487259116179693571,"At akbayan partylist member si Risa Hontiveros, Chel Diokno pro NPA at pro criminals, Colmenares my pamangkin na drug lord as cebu nahuli last 2017 at pro NPA at iyong iba trapo üòÇüòÇüòÇ",Rational
00-50,Anonymous,Reply,,,01/30/22 01:57,00-50.png,1487485007019008000,"@PhilstarNews saan galing ang boto ni Colmenares na 30 millions? haha bolahi mo mga Npa na kasangga mo, kung may natira pa.",Emotional
00-51,Identified,Reply,,,01/30/22 14:17,00-51.png,1487671366803509249,"@ColmenaresPH Mr NPA Colmenares, hindi ka bagay sa Senado. Communist funk.",Emotional
00-52,Identified,Reply,,,01/30/22 21:26,00-52.png,1487779354771787776,"@Pjgaron0 By all means try girl ,try , mas maganda sumama ka sa NPA ,at may kataga kang maririnig ,magiging lechon or cornbeefüòÅü§îüëäü§£üéóÔ∏èüí©üéóÔ∏è sige na subukan mo lang dala ka granada isama mo na si neri/teddy casin√∏/sarah elags na membro ng npa try pls try",Emotional
00-53,Anonymous,Reply,,,01/30/22 22:35,00-53.png,1487796694095831054,Sardinas at noodles ang pinaglalaban ng NPA hahaha ü§£üòÇüòÖ nasaan na yung pondo ng NPA? nagamit na ba ni Colmenares? ü§£,Rational
00-54,Anonymous,Image (including GIF),,,02/02/22 14:16,00-54.png,1488758214577758209,New People's Army or NPA leader Joma Sison officially endorsed the candidates Leni and Kiko along with a Pro-communist Neri colmenares. The names I mentioned are people you should not vote for because they are allies of a terrorist group. https://t.co/s8bg2N8g2F,Rational
00-55,Anonymous,Text,,,02/02/22 19:02,00-55.png,1488830052955574274,New People's Army or NPA leader Joma Sison officially endorsed the candidates Leni and Kiko along with a Pro-communist Neri colmenares. The names I mentioned are people you should not vote for because they are allies of a terrorist group.,Transactional
00-56,Anonymous,Text,,,02/02/22 19:04,00-56.png,1488830682860335107,New People's Army or NPA leader Joma Sison officially endorsed the candidates Leni and Kiko along with a Pro-communist Neri colmenares. The names I mentioned are people you should not vote for because they are allies of a terrorist group.,Transactional
00-57,Anonymous,Reply,,,02/02/22 21:16,00-57.png,1488863920953520133,"No way for the TERRORIST NPA to put its finger in a democratic government. Neri Colmenares is an NPA cadre. For Leni and Kiko, they have sold their souls to the TERRORIST for their selfish ambition and greed!
This can‚Äôt be clearer than this.",Transactional
00-58,Anonymous,Text,,,02/03/22 09:51,00-58.png,1489053996900024320,@ralphjms Kasi nga dilawan si diokno at bata ni sison si colmenares. Ano mapapala mo sa kanila?. Robin will not win though pero mas ok na siya kesa dilawan at NPA.,Transactional
00-59,Anonymous,Reply,,,02/03/22 11:31,00-59.png,1489079190934622210,"@ralphjms Why the fk would we choose Diokno and Neri eh they aligned themselves with the leftists?! Shuta lang? Lol. A good CPP-NPA-NDF is a dead one, including their cohorts and those who are aligned with them.",Emotional
00-60,Anonymous,Reply,,,02/03/22 13:13,00-60.png,1489104808342867968,@ralphjms Yes kasi npa yan neri colmenares nyo at ung chel diokno nyo pinagmumulan ng gulo. Matalino mga pinoy ngayon wahahahaha,Transactional
00-61,Anonymous,Reply,,,02/04/22 16:29,00-61.png,1489516543671095299,"@thomaspambid Binay, de Lima, Colmenares (with NPA ties), and all NPA legal fronts endorsing Leni.** 

The NPA will never become the lesser evil. üíÖ",Transactional
00-62,Anonymous,Reply,,,02/04/22 21:59,00-62.png,1489599523223576580,"@VictorN81097206 @TetsMakino @bongbongmarcos And Leni has Binay, De Lima, Neri Colmenares and the legal NPA fronts. Try harder. üíÖ",Rational
00-63,Anonymous,Text,,,02/05/22 11:27,00-63.png,1489802812196155397,"Kung ano yung naging pinagkakagawang kasamaan at kasalanan ni Joma Sison at yung mga alipores niya sa CPP-NPA-NDF (such as Zarate, Elago, Brosas, Castro, Cullamat, Gaite, Colmenares, Casi√±o, Ocampo, atbp.) ay nasa kamay ng nila Robredo, Lacson, Pacquiao, Moreno at Ka Leody.",Emotional
00-64,Anonymous,Reply,,,02/07/22 05:28,00-64.png,1490437167843360769,@Shortee3MEW @cheetahxmkl @aviislegit Bakit si binay kasama sa senators ng nanay mo? De lima is convicted. Neri colminares is NPA. Ikaw amg mgisip isip. Kainin mo sinabi mo hahha,Emotional
00-65,Media,Text,,,02/07/22 10:04,00-65.png,1490506806988513280,Uncovered | This notorious WANTED terrorist leader of the CPP NPA in Bukidnon and Cotabato is no less than Charisse Bernadine Banez alias Ka Nikkie. (with Neri Colmenares &amp; Sarah Elago) https://t.co/wW8WrF4YF9,Rational
00-66,Anonymous,Reply,,,02/08/22 20:12,00-66.png,1491022070746021894,"@Dayanneeei Back to you-- galit sa magnanakaw pero kasama sa slate mo si binay, yung isang linked sa npa si colmenares, yung drug queen? The hypocrisy.",Emotional
00-67,Identified,Reply,,,02/09/22 00:55,00-67.png,1491093452960169984,"@pmjamilla Big No to communist. Neri Colmenaris is one of them since pinaglalaban mo sila, tinanong nyo nlng din sana anong pinaglalaban nilang mga NPA dati üòë kng d yan sila nagrebelde may mabibili pa sanang pagkain sa sentimo centavos ngayon. Libre/mura ang kuryente at tubig. Ano ho?",Rational
00-68,Anonymous,Reply,,,02/09/22 08:44,00-68.png,1491211375016017920,@pmjamilla Take it from the NPA like Colmenares.,Transactional
00-69,Anonymous,Reply,,,02/09/22 09:23,00-69.png,1491221298001117188,"@pmjamilla lol Neri is a terrorist apologist. his group couldn't even condemn the traitorous acts of CPP-NPA-NDF, what else can you call him and his ilk?",Rational
00-70,Anonymous,Reply,,,02/09/22 13:42,00-70.png,1491286255292026881,"@pmjamilla Recall: 
 - Neri in his youth was a member of one of the CPP front groups. Wala syang pinag iba kay Sarah Elago ngayun.
 
 - Neri was a Bayan Muna PL congressman. No introduction needed. 
 
 Martial Law was declared to thrash Communism, wherein Neri is one of them.",Rational
00-71,Anonymous,Text,,,02/09/22 17:20,00-71.png,1491341182836023296,"My father was born 1946 in Samar Leyte. Sabi nya, anti-gov at NPA lang daw yong against kay Marcos noon.
 
 Eh kung nakuryente ang titi ni Colmenares sa panahon ni Marcos. Ano si Colmenares?ü§îüòÅ
 
 Paki ask ng mga Lolo at Lola nyo kung tugma ba sa kwento ng tatay koüòä",Rational
00-72,Identified,Reply,,,02/09/22 23:38,00-72.png,1491436243418488838,@ColmenaresPH No to NPA terrorist mga nangungutong. Enabler ka no to colmenares,Emotional
00-73,Identified,Reply,,,02/10/22 01:31,00-73.png,1491464908168380419,@jaytwotheworld @143redangel Tama huwag iboto ang uncle ni angel na si colmenares na NPA,Emotional
00-74,Identified,Reply,,,02/10/22 04:41,00-74.png,1491512623375863811,"@PhilstarNews So iboto yung sumusuporta sa mga walang kwentang teroristang NPA? Gaya nalang ng tyohin mo? Oh ikaw mismo,,angel pa naman pangalan mo...kasuklam suklam ang galawan ng ideolohiyang NPA,,,mapanira sa bayan. Wag iboto si Neri colmenares at mga partylist na may kaugnayan sa NPa",Emotional
00-75,Anonymous,Reply,,,02/10/22 09:57,00-75.png,1491592246520528898,@pmjamilla Dapat lang pala matorture ni Neri... NPA sya eh,Emotional
00-76,Anonymous,Reply,,,02/10/22 11:49,00-76.png,1491620187635781634,@Snorlax_0330 Angkan kasi ng NPA si angel locsin... tiyuhin nya si Neri Colmenares n makakaliwa kuno!,Rational
00-77,Identified,Reply,,,02/10/22 20:19,00-77.png,1491748554985345024,@tatz___ ayaw namin sa kandidato na kasapi ng tito mo @143redangel kasi baka pag nanalo yun lumakas ulit partido ng tito neri mo at ang NPA. marami na namang bata sa unibersidad ang madadala sa bundok pra mag aklas and worst ipaparape sa mga kadre ng NPA. kaya no to your tito and leni üñïüñïü§¨,Rational
00-78,Anonymous,Reply,,,02/10/22 21:19,00-78.png,1491763661614227459,@Eduardo83549292 Ang kinabukasan nila ay hawak ng mga NPA like colmenares na sinusuportahan ng nanay niyo. Gising! at labanan ang komunista hindi suportahan!,Transactional
00-79,Anonymous,Text,,,02/13/22 02:11,00-79.png,1492561950693154818,"Aaalahan nyo na yung kasalanan ni Joma Sison and the rest of CPP-NPA-NDF such as Zarate, Elago, Brosas, Castro, Cullamat, Gaite, Colmenares, Ocampo, Casi√±o, Reyes, among others ay nasa kamay nila Robredo, Pacquiao, Lacson at Moreno, kasi may bahid na kasalanan rin sila.",Rational
00-80,Anonymous,Reply,,,02/13/22 09:22,00-80.png,1492670417219178497,Very NO to COLMENARES!!! Isa kang NPA enabler,Emotional
00-81,Anonymous,Reply,,,02/13/22 20:27,00-81.png,1492837780078366722,"@laarnie888 @amigoManila Do you think an NPA supporter will care about our children? Tingnan mo nga mga kasama ni Leni, MAKABAYAN, TEDDY CASINO, GABRIELLA, NERI COLMENARES. https://t.co/fBMTOxGGPb",Emotional
00-82,Identified,Reply,,,02/13/22 21:58,00-82.png,1492860682097750018,"@habibi_tinatina No neri bayot, kakampi ng mga salot na NPA.",Emotional
00-83,Anonymous,Reply,,,02/14/22 08:07,00-83.png,1493013950258192387,@theninaellaine @migzzubiri @JojoCBinay @ColmenaresPH @lenirobredo AYAW NIYA ILAGAY KASI NAKAKASIRA NG LINEUP ALAM NAMAN NG LAHAT NA MAY LAHING NPA ANG ANIMAL NA COLMENARES.,Emotional
00-84,Anonymous,Reply,,,02/14/22 13:19,00-84.png,1493092391653605377,@AltSyaoranLi Chel Diokno pwede pa.... Colmenares = CPP/NPA,Transactional
00-85,Anonymous,Reply,,,02/14/22 18:53,00-85.png,1493176568117616642,@ColmenaresPH Never vote these idiots and include Neri Colmenares hiding in the skirt of NPA. https://t.co/WarPiIuEVv,Transactional
00-86,Anonymous,Image (including GIF),,,02/16/22 17:22,00-86.png,1493878352905572352,@sehun2345c @ErnieNavarro15 @LilMsMalditaMD Mismo.. Colmenares isa rin Pro NPA kaya siguro hindi nila ma call out ang NPA kc sila mismo maka kaliwa,Rational
00-87,Identified,Text,,,02/17/22 07:28,00-87.png,1494091368301428737,"E hidi ganun din pala si leni nyo, nasa hanay niya ang corrupt na si binay, ang drug protector na si de lima at npa na si colmenares, kaya pala ipapaalis daw ni leni ang elcac kaya kawawang pinas, magsasaya ang npa at iba lang makakaliwang grupo, communist country tayo pag si leni na.",Transactional
00-88,Anonymous,Text,Reply,,02/17/22 10:29,00-88.png,1494136906921426945,@IanMakabayan Not Neri! He's a leftist..No NPA should infiltrate the #BBMSaraUniteam the Lineup should be a Solid Uniteam..,Rational
00-89,Identified,Text,Image,Reply,02/17/22 11:40,00-89.png,1494154656494153729,"Memapenk does not even know what is EO70. She also did not give a damn about NTF-ELCAC until she run for president.
 Whatever her claim of support to the task force, still she cannot deny the fact the she allied herself with the CPP-NDF-NPA by endorsing Neri Colmenares.",Rational
00-90,Identified,Text,Image,Reply,02/17/22 14:06,00-90.png,1494191503480025089,"@kayethln @aupijuan Baguilat. Graft Case. Trillanes. Jailed for rebellion. Risa Philhealth scandal. leila de lima, In jail as drug protector. Diokno, consultant for tax avoidance . Colmenares, friend to CPP NPA. David d'angelo, kalikasan. Please tell me the tarps in your page are biodegradable!! https://t.co/RxYbmhtXRi",Rational
00-91,Anonymous,Text,Reply,Image,02/18/22 15:23,00-91.png,1494573188025511937,"@AlfredoGenomHanep sa trivia ng mga stupinks. Yung kamag anak na NPA nga ni Angel na si Neri Colmenares, ilang Senatorial elections na lagi niyang ineendorso, hindi manalo nalo ü§£ Partida, kasikatan pa niya noon. Pano pa ngayon na has been na? ü§≠",Emotional
00-92,Identified,Reply,,,02/19/22 11:55,00-92.png,1494883417556615173,"Actually, the CPP-NDF-NPA have a broad tactical alliance with the Leni-Kiko ticket.
 Evidently, the inclusion of CPP-NDF-NPA fielded candidates, Neri Colmenares and Elmer Labog are one of those proofs.",Rational
00-93,Anonymous,Text,URL,,02/19/22 23:21,00-93.png,1495055951778385924,"Ang galing daw eh sapaw naman sa mga BBM supporters. Wahahhahahha tago mukha pa tapos Tuta ni Colmenares pa. Ewwww Naku po, NPA enabler! Tama na! Palitan na! Rebelde!
 
 https://t.co/uHiGOgS5ea",Transactional
00-94,Anonymous,Text,,,02/20/22 22:03,00-94.png,1495398827733360645,"Kelan ba naman umamin ang mga yan na NPA sila üòÇüòÇüòÇ pag na Red Tag galit pero ang gawain nmn ay NPA.. 

Di naman mapagkakatiwalaan ang CHR üòÇüòÇüòÇ dahil meron din NPA na humahawak diyan.. 

Si Colmenares nga üòÇüòÇüòÇ di naamin eh yung iba pa kaya.Turo na sa kanila yan",Rational
00-95,Identified,Text,Reply,,02/21/22 10:26,00-95.png,1495585639601152000,"@chillycalortiz @Jollibee andun sa hanay ni leni ang corrupt na si binay,ang drug protector si de lima,at colmenares na supporter sa bayan muna at makabayan bloc na sinusuportahan ni joma sison na founder ng npa kaya nga tatanggalin daw ni leni ang elcac once manalo siya. communist country tayo once manalo.",Rational
00-96,Anonymous,Text,Reply,,02/21/22 12:40,00-96.png,1495619459469426690,@ColmenaresPH team buwang ni Neri npa colminares,Rational
00-97,Anonymous,Text,Reply,,02/21/22 15:32,00-97.png,1495662792464121856,@radbob79 I drop si zubiri at tuluyan ng mangamote sa Mindanao... Neri pa.. Naglagay lang ng NPA sa senado ng gobyerno,Transactional
00-98,Anonymous,Text,Reply,,02/21/22 21:59,00-98.png,1495760031790346253,@grantmeanewlife @lukeconde07 Kaya nga nasa line up nang pinklawan si Colmenares na alam nang lhat na isa sa mga taga suporta nang NPA.. Kaya nga ayaw nyo kay DU30 kc binubomba yung mga NPAüòÇüòÇüòÇ,Rational
00-99,Anonymous,Text,Reply,,02/21/22 23:46,00-99.png,1495786981485383684,"Fact; CONFIRMED CPPA NPA ALLY SINA CHEL DIOKNO AT SI NERI COLMENARES AT MOSTLY NG PINK LAWAN CANDIDATES

Talasan nyo mga maga nyo sa mga kaalyado ng kumunista na pilit pinapasok ang gobyerno ng Pilipinas üòèüòèü§®",Rational
00-100,Anonymous,Text,Reply,,02/22/22 14:30,00-100.png,1496009422941921286,@ColmenaresPH NPA THe Evil like Colmenares.,Rational
00-101,Anonymous,Text,Image,Reply,02/22/22 18:00,00-101.png,1496062423127982080,@ColmenaresPH üòÇüòÇüòÇColmenares ay isang member ng legal front ng salot at teroristang CPP/NPA/NDF... https://t.co/8PPhxT4J3t,Rational
00-102,Anonymous,Text,Reply,,02/22/22 22:38,00-102.png,1496132392079495171,"@jcmanila Unggoy mo Neri Colmenares, kayo ng mga kasama mong NPA NDF ang Demonyo at salot ng bansa. konti nalang, mauubos din kayo king ina nyo!",Emotional
00-103,Identified,Text,Reply,,02/23/22 16:34,00-103.png,1496403047395770373,@sandrobanana_ @meceelee Pati si diokno colmenares mga kasapi sila CPP NPA NDF,Rational
00-104,Identified,Text,Reply,,02/24/22 07:40,00-104.png,1496631188668444680,@maryirmin @raissawriter Colmenares? Kasabawat naman ng mga NPA tawag sa kanya ‚úåÔ∏è‚ù§Ô∏è üíö,Rational
00-105,Identified,Text,Reply,,02/24/22 08:08,00-105.png,1496638008556015616,Colmenares really means the evils of the npa terrorists and its kabag,Rational
00-106,Identified,Text,Reply,,02/24/22 10:21,00-106.png,1496671664041463809,"Disente ba kamo? Turo ni Colmenares, ni Leni at ng mga dilaw na pink. Husay magpalaki ng NPA.",Rational
00-107,Identified,Text,Reply,,02/24/22 10:56,00-107.png,1496680448638210049,"Don't vote for NPA groups like Anakbayan, Makabayan and of course, the likes of Neri Colmeneres who are all supporters and cuddlers of this terrorist group.",Rational
00-108,Anonymous,Text,Reply,,02/24/22 23:53,00-108.png,1496876044334530564,"@maaaaaaiiiee07 @ngoelvis @GerryCacanindin Baguilat graft. De lima, In jail as drug protector. Trillanes jailed for rebellion. Neri links with terrorist group npa. Risa links to Philhealth scandal. Gordon di nag soli ng 86m despite sc order. Diokno, consultant ng abs in how to dupe the govt and representing someone who",Rational
00-109,Anonymous,Text,Image,,02/25/22 02:04,00-109.png,1496909031126011907,DO NOT VOTE NERI COLMENARES A supporter and ally of CPP NPA https://t.co/hdcmdtHr5Q,Transactional
00-110,Identified,Text,Reply,,02/25/22 12:46,00-110.png,1497070469043798017,"@juswable @manilabulletin Baguilat, Graft case. Trillanes jailed for rebellion. Delima in Jail for drug protection. Risa links to Philhealth scandal. Gordon 86 M na pinapasoli. Neri links to terrorist groups NPA. Diokno consultant for duping the government and representing someone without informing.",Rational
00-111,Identified,Text,Reply,,02/25/22 19:55,00-111.png,1497178409952239616,@loidasandiego77 Ang tulad ni Neri Colmenares ay isang palihim na terorista sa taumbayan. Hindi nga niya masabi na ang mga NPA ay mamamatay tao.,Rational
00-112,Anonymous,Text,Reply,,02/26/22 03:41,00-112.png,1497295767702507521,@jaytwotheworld @lenirobredo Colmenares?! NPA lovers!!! OMG üòÉ Never never never,Rational
00-113,Anonymous,Text,,,02/26/22 13:36,00-113.png,1497445462148009984,"Sasama kayo sa NPA, lalaban kayo sa gobyerno. pag namatay kayo sasamahan ba kayo ni Joma at Colmenares? üòÇüòÇ Mga unggoy! Galawang US din yan. Iiwan kayo sa ere niyan.",Emotional
00-114,Anonymous,Text,Reply,,02/26/22 14:15,00-114.png,1497455243407335427,kumunista nga kc sinusuportahan nyan CPP NPA Chel Diokno at Colmenares mga leader ng CPP NPA d nga nila ma condemn ang grupo kc kasama sila sa mga kinikilala leader at hindi alng sila madami na sa senate √∞≈∏Àú‚Äò√∞≈∏Àú‚Äò,Rational
00-115,Anonymous,Text,Reply,,02/27/22 14:13,00-115.png,1497817148365815809,"@amigoManila @YesYesYo13 ie tag si risa/zarate/neri/nato/elago/cullamat /leody eto ang mga dakilang hypocrites, pero may takino rin kasi nakikinabang sila sa extortion / kidnapping/business syndicate ng terroristang NPA na kasama nila",Rational
00-116,Identified,Text,Reply,,03/03/22 05:32,00-116.png,1499135641501716482,@ColmenaresPH @teddycasino An alliance with the puppets of Oligarchy only proves the false promises of the CPP-NPA-NDF to which the Makabayan bloc belongs‚Ä¶‚Ä¶. FAKE STRUGGLE by communists in capitalist cloaks‚Ä¶ REVISIONIST TEDDY CASI√ëO AND NERI COLMENARES IN ACTION DIRECTED BY REVISIONIST JOMA SISON‚Ä¶..,Rational
00-117,Anonymous,Text,Image,,03/03/22 15:22,00-117.png,1499283939684683779,"@khyncstllo0__ Pity on me? Eh kayo yung sumusupporta sa kandidatong may hanay na CPP-NPA.
 joma sison endorsing the leni kiko tandem and his dog neri colminares.
 Id say, pity on you.
 kita nyo ba yung katutubo kagabi? Ani sigaw nila? No to cpp npa, tapos nanay nyo may neri sa slate. Lol. Eww https://t.co/1C3dYpxj8D",Emotional
00-118,Anonymous,Text,Image,,03/03/22 22:49,00-118.png,1499396552053297152,"Same old statement and strategy Mr. CADRE COLMENARES, pa-VICTIM EFFECT ka nnman at pinapalabas na INAAPI. WTF! Kabisado na ng buong bansa ang stratehiya at mga pananalita mo! CTG CPP NPA NDF MOVED‚Ä¶basag na basag na mga statement mo hoy!!!",Emotional
00-119,Anonymous,Text,Reply,,03/04/22 03:11,00-119.png,1499462594507255813,@_unknown33440 Colmenares ayos lang na wala ka dahil isisingit mo na naman ang pagka NPA mo...tsupe.,Rational
00-120,Anonymous,Text,Reply,,03/04/22 10:48,00-120.png,1499577612712046594,"@ELFilibustero @discreetpinoy3 Stop projecting. Look at Leni's senate slate. Pati nga mga aligned sa NPA pinapatos nyo. Gawain nyo kasi yung ""enemy of my enemy is my friend,"" pero di nyo matanggap sa sarili nyo na kahanay kayo ng mga makakaliwa gaya nina Colmenares kaya pinapahid nyo sa iba ang kapotahan nyo.",Rational
00-121,Anonymous,Reply,,,03/04/22 22:49,00-121.png,1499759061751201794,"BAD COMPANY CORRUPTS GOOD CHARACTER 

Nagkandahawa hawa na sila ng corrupt na palininiwala

Risa & Chel- pro Divorce & SSM
Kiko- Napaka trapo
Leni- Mandaraya
De lima- Drug issue, unfair to Former Chief Corona 
Trillanes-Hambog
Neri-related to communist/NPA

Bka 2 mahahawa rin??",Rational
00-122,Anonymous,Text,Reply,,03/04/22 23:55,00-122.png,1499775571584159753,@_unknown33440 Hindi mo alam colmenares eh isang Kang NPA spotted hnd mo natatandaan na hnd iimbitahan ni pastor quiboloy Ang may bahid Ng NPA,Rational
00-123,Identified,Reply,,,03/05/22 07:59,00-123.png,1499897467395272704,"@QMotherGothel Hontiveros - philhealth
 De lima - drugs
 Colmenares- NPA
 Trillanes - Siege mutiny
 Espiritu - NPA
 
 The rest never heard!
 
 Wala na bang malinis-linis pa!",Rational
00-124,Anonymous,Text,Reply,,03/06/22 06:40,00-124.png,1500239926943645699,"@theklmanuel @lenirobredo Drop ko si zubiri, pero never kong iboboto si colmenares npa sya",Emotional
00-125,Anonymous,Text,Reply,,03/06/22 22:43,00-125.png,1500482269311807492,@vinnysisand @madgumera Sure yun...at mas kawawa mga kasundaluhan natin...NPA supporter yan...like neri colmenares..,Rational
00-126,Anonymous,Text,URL,,03/08/22 14:53,00-126.png,1501088800210309122,"Neri Colmenares, ibinulgar ng kaniyang dating tauhang NPA https://t.co/EvpZzzGMCK via @FacebookWatch",Rational
00-127,Identified,Reply,,,03/09/22 11:28,00-127.png,1501399427344330753,@2022Solid Colmenares and Hontiveros are in their senatorial slate! Both are bonafide CPP/NPA/NDF officials. They are good at mobilizing people to support their political agenda.,Rational
00-128,Identified,Text,Reply,,03/10/22 22:35,00-128.png,1501929839208501251,"@BenjiCruise @Estrada21Karla E si leni ba, di ba nasa hanay niya naman corrupt ( binay), de lima ( drug protector) colmenares (npa).wag na lng magmalinis,dahil kakapula nuo,nakikita pabalik sa nanay nyo sinasabi nyong somusuportahan, mas masahol pa nanay nyo dahil nasa kabataan ang pag asa ng bayan.",Rational
00-129,Anonymous,Reply,,,03/11/22 12:20,00-129.png,1502137479218221059,@dzrhnews @xtian_mano Madami kasi NPA jan... tanong nyo kay Neri baka kilala nya...üòè,Emotional
00-130,Anonymous,Text,Reply,,03/12/22 19:30,00-130.png,1502607981761871872,"@LakasNgTimog Unggoy na bolero; balasubas nung Congressman, ano aasahan mo sa gagong ito sa Senado, palaguin ulit ang namamatay ng NPA NDF sa bansa pag naka tsamba ang mokong na to Colmenares na ito.",Emotional
00-131,Identified,Reply,Text,,03/13/22 09:22,00-131.png,1502817326554517504,"@News5PH Kahit news5 alam nilang npa yang si colmenares , kunwari di nila alam",Rational
00-132,Anonymous,Reply,,,03/13/22 15:30,00-132.png,1502909987664035840,@ikadxplorer Colmenares is an NPA! So wala talaga? Gago lang ang maniniwala,Emotional
00-133,Anonymous,Reply,Text,,03/13/22 18:25,00-133.png,1502954003784613890,"@TrillanesSonny Kasama mo na nga sila Colmenares at Hontiveros naghahanap ka pa?! Matagal nang pinangalanan yang si Colmenares na NPA,.
 Kaya sa tingin nyo maniniwala ang mga tao na wala kayong katarantaduhan na ginagawa?! 
 Matulog ka lang at mangarap na lang pero ndi kna mananalo",Emotional
00-134,Identified,Text,Reply,,03/13/22 19:56,00-134.png,1502977017939206152,@ai_ceniza Bakit si NERI sabi ng kakampink! KASI NPA!,Rational
00-135,Anonymous,Reply,Text,,03/14/22 00:07,00-135.png,1503040028825776132,"@koalakates @manilabulletin Tanong mo sa ina mo ,kay Neri at Sharon. Huwag sa akin ! Wala akong panahon sa mga CPP sympathizers.",Emotional
00-136,Anonymous,Reply,Text,,03/14/22 04:51,00-136.png,1503111654141169669,@HunterXE47 @manilabulletin As if nman na di totoo na may alyansa sila Leni sa NPA at ibang kominista!!! Andyan si Colmenares di ba??? Eww‚Ä¶,Transactional
00-137,Identified,Reply,Text,,03/14/22 07:06,00-137.png,1503145497808175104,"@ColmenaresPH KKapal ng Mukha mo Neri NPA, daming pinatay ng grupo nyo, alam ng mga tao yan, Kya khit magmalinis ka, khit ilang beses Kang tumakbo, talo kp rin!!! Magsama sama kyo ni Riza ü§£",Emotional
00-138,Anonymous,Reply,Text,,03/14/22 13:32,00-138.png,1503242540400603136,"@smninews @lenirobredo The mere fact that Colmenares and Hotiveros in your Senate slate is proof that you have an alliance with the CPP/NPA/NDF! Have you forgotten, or you don't know, that Colmenares and Hontiverus are high officials of CPP/NPA/NDF legal fronts Bayan Muna and Akbayan, respectively?",Rational
00-139,Identified,Reply,Text,,03/14/22 14:30,00-139.png,1503257307802710019,@amigoManila hindi papayag si madam i kasama nyo nga lagi si colmenares at suportdao kayo ng kamatayan black anong ibig sabihin nyo yan diba mga suporters ng NPA YAN MGA LEADER PA NG NPA,Transactional
00-140,Anonymous,Reply,Text,,03/14/22 16:32,00-140.png,1503288003388575745,"@smninews @lenirobredo Kung ayaw mo ma red tag bitawan mo ang mga kandidato na may ka ugnayan sa CPP NPA NDF tulad ng Gabriela, Bayan Muna, AKBAYAN, at Kabataan partylist. Bitawan muna rin sa senate slate mo sina Risa Hontiveros at Neri Colmenares..ganun lang yun ka simple...",Transactional
00-141,Anonymous,Text,,,03/15/22 20:22,00-141.png,1503708217892765704,"Ayoko kay Neri Colmenares
 Ayoko kay Luke Espiritu
 Ayoko kay Chel Diokno
 Ayoko kay Risa Hontiveros
 Ayoko kay Leody de Guzman
 Ayoko kay Walden Bello
 Ayoko kay Leni/Kiko
 In short, ayoko sa CPP NPA NDF
 and their cohorts",Emotional
00-142,Media,Reply,Text,,03/16/22 05:56,00-142.png,1503852763406610437,"@soltaule @heyjaydreamerr @ColmenaresPH Dancing NPA, congrats Colmenares.",Emotional
00-143,Identified,Reply,Text,,03/17/22 21:24,00-143.png,1504448680472231937,"@xyz21110 @reyna_elena Ang panget kasi jan nagmamalinis. NPA supporter si leni, sasabihin niya hindi kahit dami ng proof lalo na yung senador niyang si Neri.",Rational
00-144,Anonymous,Reply,Text,,03/18/22 17:22,00-144.png,1504749969667887106,@smninews She is not being red tag kundi she is identified na kayo ang sumusuporta na cpp ndf npa diba colmenares isa kang senator slate ni fvp leni.,Rational
00-145,Anonymous,Reply,Text,,03/20/22 18:06,00-145.png,1505485991435714562,@ColmenaresPH hwag iboboto mga NPA tulad ni Colmenares!!,Transactional
00-146,Anonymous,Text,,,03/20/22 23:41,00-146.png,1505570257636835328,No to NPA supprters like you mr. colmenares! Itaga mo sa bato di ka mananalo!,Transactional
00-147,Anonymous,Reply,Text,,03/21/22 08:09,00-147.png,1505698043894579201,@SirRenzSaavedra @angelica_114 hahaha langya drama lang yun ipaglaban nyo mga NPA ikaw angelica wala kang alam sa buhay sa probinsya kung gaano pahirap yang mga tropa ni colmenares na NPA sa may mga lupain doon.. kaya di nanalo yang matanda na yan kshit umkyak pa ng dugo yan di mananalo yan,Emotional
00-148,Anonymous,Text,,,03/21/22 11:33,00-148.png,1505749529752223744,Nope. Never voting for anyone with ties to NPA. That's a deathwish for my brothers in the military. Colmenares can cry all he wants but there's a lot of blood on his hands. NO.,Emotional
00-149,Identified,Reply,Text,,03/22/22 01:15,00-149.png,1505956297069699078,@sarahelago NO TO NERI!!!! NPA is WAVING,Emotional
00-150,Anonymous,Reply,Text,,03/22/22 10:39,00-150.png,1506098106969980932,@TrillanesSonny The CPP and its sympathizers cannot be trusted. Neri Colmanares himself has refused to disavow the CPP-NPA armed movement up to now (not fake news -- check it out). Just sa NO to Neri Colmenares.,Transactional
00-151,Anonymous,Reply,Text,,03/22/22 10:47,00-151.png,1506100115810910208,@TrillanesSonny Never voting for Neri Colmenares. Never vote for someone who supported the killing of Filipino soldiers fighting for protection of Philippine security. CPP-NPA-NDF only exist for the destruction of country and Filipino values.,Transactional
00-152,Anonymous,Reply,,,03/22/22 10:49,00-152.png,1506100744167964673,@cnnphilippines The term red-tagging is their refuge. Fact is Leni-CPP-NPA is apparently real as the communist fronts personalities like Colmenares and others are on same stage with Leni and endorsing her candidacy.,Transactional
00-153,Anonymous,Reply,,,03/22/22 11:50,00-153.png,1506116046205304836,"I think, as a former AFP, Trillanes is against the collaboration of NPA and their party kaya sinipa s'ya in favor of Neri, the true-blooded NPA.
 
 #CaviteForBBMSA
  CAVITE GRAND RALLY",Transactional
00-154,Anonymous,Reply,Text,,03/22/22 12:09,00-154.png,1506120740349038599,"@Nyoxz2 @Iam_Baneng si neri may mga npa supporter, ikaw wala, ü§£ü§£ü§£ü§£ü§£",Emotional
00-155,Anonymous,Reply,Text,,03/22/22 12:49,00-155.png,1506130953130835969,"@BelloMaricelle @yanitokz Anong tingin mo Neri Colmenares. Last election ba binoto mo siya? Isa yan sa mga anti-govt. NPA yan. Mixed ang line-up ko. Yung otso diretso nila, ni isa walang nanalo last election. Ayaw niya lang madikit sa color yellow, kaya naging pink. Nyay!",Transactional
00-156,Anonymous,Reply,Text,,03/22/22 14:35,00-156.png,1506157550152335362,"@Nyoxz2 Si leni may pinkachu, Si neri may npa ikaw may magdalo naman, wag na iyak trililing.",Emotional
00-157,Anonymous,Reply,Text,,03/22/22 17:11,00-157.png,1506196762738200579,@143redangel At kami magsasakripisyo. Kaya pala dahil pamangkin ni colmenares na npa din.,Emotional
00-158,Anonymous,Reply,Text,,03/22/22 17:32,00-158.png,1506202265803112450,"@ellacolmenares @ColmenaresPH Mabuhay ang NPA nag aaway ung mga kakampink..üòÇüòÇ
Neri pro npa vs trillanes ex sundalo..üòÇüòÇ",Emotional
00-159,Anonymous,Reply,Text,,03/22/22 17:36,00-159.png,1506203036359700483,@TrillanesSonny Neri pro NPA vs trillanes the ex sundalo..nag aaway mga kakampinks..üçøüçø,Transactional
00-160,Identified,Reply,Text,,03/23/22 08:04,00-160.png,1506421647321882626,@MackinleyZamora Neri is on the side of the CPP everyone knows that...,Rational
00-161,Anonymous,Reply,Text,,03/23/22 19:53,00-161.png,1506600057415487490,@mharvzolivarez @lenirobredo @aikarobredo @jpgrobredo Maging leftist ka na lang kasi kasama si colmenares na isang cadre ng NPA..kung hindi mo pa alam ang ginagawa ng mga NPA mag research ka..ang daming human rights violation sa aming bayan..gusto lang ni angel locsin na bumalik ulit ang ABS CBN yun lang PERIOD.DENY NPA,Transactional
00-162,Anonymous,Reply,Text,,03/24/22 06:43,00-162.png,1506763581986988034,@jp20211985 @MaggieLagura @ChairAndyBau @ABSCBNNews @makilingmiracle @MannyPacquiao @lenirobredo @sherieanntorres Everytime lacson run 4 pres.. i voted him..but this time i go BBM to redeem their family name and make sure PUPPET LENLEN dont win.. i dont want another cory at the palace.. a goverment run by their adviser and leaning to NPA.. colmenares on senate slot and activist on her rally https://t.co/1JucmwSk2P,Transactional
00-163,Anonymous,Reply,Text,,03/24/22 11:51,00-163.png,1506840986647154696,@Ann128607 @JustMe80041125 @akoeto0078 @alexander08_KDD Hindi nga nadanas ng lolo at lola ko ung hirap at sinasabi nilang torture eh. Ung mga pasaway tulad ni Colmenares na isang NPA ü§£ü§£ü§£ü§£,Rational
00-164,Identified,Reply,Text,,03/24/22 14:09,00-164.png,1506875816549834756,@Iamqwertyuiopa1 @ColmenaresPH NPA Ang Mga iyan bakit ninyo iboboto do colmenares... haha ü§£,Rational
00-165,Anonymous,Text,,,03/25/22 15:52,00-165.png,1507264228474114054,"Neri Colmenares had tried 3x to impeach PNoy. Do you think he will not impeach Pres. Leni? Colmenares is a true blue L E F T , like NPA thinker. But he did not tried to impeach Digong because he thought Digong can be Left like him? Research more.",Rational
00-166,Anonymous,Reply,Text,,03/26/22 06:41,00-166.png,1507487848760582144,"@Rayo_delaVerdad @PinoyTayo01 @PhilstarNews Makabayan endorses InamongLeni- Kiki, and Colmenares joins their Senate slate √∞≈∏¬§¬£√∞≈∏Àú‚ÄöCPP NPA NDF, communist. Red tagging na ba ko?",Emotional
00-167,Anonymous,Reply,Text,,03/26/22 11:59,00-167.png,1507567806933479424,@brymac9168 gaga lahi kayo ng mga kumunista lalo na uncle mong si colmenares na isang npaüò°üò°üò°,Emotional
00-168,Anonymous,Reply,Text,,03/27/22 00:39,00-168.png,1507759120098951169,"@brymac9168 Angel locsin wagas magsalita na kilatisin haha ang boba mo at hipokrita, eh yang iboboto mong si lugaw, uncle mong si colmenares at tropa mong makabayan block mga Cpp-npa-ndf! Halerrrr anong tawag sayo???? üôÑüôÑüôÑ",Emotional
00-169,Anonymous,Reply,Text,,03/27/22 22:12,00-169.png,1508084667794132992,@ColmenaresPH Mop sayo bandila samin. No to NPA NERI üòú,Transactional
00-170,Anonymous,Text,Image,,03/30/22 16:58,00-170.png,1509092710019649537,"Naliligo ng lava ni Neri Colmenares, ang sindikato aktibista ng CPP-NPA-NDF. https://t.co/aANLjbpPJP",Emotional
00-171,Anonymous,Reply,Text,,03/30/22 17:42,00-171.png,1509103677432373253,@FkekzKeng Who is Angel? Aktibista ba sya? Di ba tiyuhin nya si Neri yung front ng CPP-NDF-NPA? Tapos yung sister nya yung nahuli sa Quezon province? Tama ba? Yan ba ang angel nyo?,Emotional
00-172,Identified,Reply,Text,,03/30/22 21:31,00-172.png,1509161278693994496,"@Heart1212001072 Good for you.
Go ahead vote for your candidate.

But it does not change the fact that your memapenk is endorsing CPP-NDF-NPA cadres like Neri Colmenares and Elmer Labog.
She is also endorsing CPP-NDF-NPA partylist groups such as Kabataan, ACT, BayanMuna, Anakpawis, & Gabriela.",Rational
00-173,Anonymous,Reply,Text,,04/01/22 08:18,00-173.png,1509686613114196002,"@Paps_Caloy Kalaban! Kaya nga po NPA for Leni. supported sya ng Bayan Muna, Anak Pawis etc. Kasama pa si Neri Colmenares na member ng NPA.",Rational
00-174,Anonymous,Reply,Text,,04/01/22 09:00,00-174.png,1509697232630550533,@Lexi4526162006 @roseap20 @marortoll Excuse me?!? Check your backyard first.. Baka ubg madumb bya ang nag supporter ng NPA. Check nga ung mga senator nya.. Colmenares Hello?!? Rings a bell to you?!,Emotional
00-175,Anonymous,Reply,Text,,04/01/22 11:55,00-175.png,1509741185010573313,@dzrhnews @ColmenaresPH Gumawa na naman ng kwento ang NPA na si Colmenares,Emotional
00-176,Anonymous,Reply,Text,,04/02/22 02:59,00-176.png,1509968830658801664,@ggsg18 @ChelDiokno NO TO COLMENARES. NO TO NPA. https://t.co/5Q2bAZme8P,Transactional
00-177,Anonymous,Text,,,04/03/22 01:15,00-177.png,1510304848062812165,Never to Neri Colmenares isa siyang npa terorista.,Rational
00-178,Identified,Reply,,,04/04/22 10:00,00-178.png,1510799479150374918,"Ka Leody is a CPP-NDF-NPA fielded candidate with senatoriables Neri Colmenares and Elmer Labog.
 He is against the continuity of NTF-ELCAC and support the armed struggle of the communist terrorist.",Transactional
00-179,Anonymous,Text,Reply,,04/07/22 08:42,00-179.png,1511867037450403840,@Vevenuusss @ColmenaresPH So dinalaw kayo ni colmenares na kadre ng NPA so masaya kau?,Emotional
00-180,Anonymous,Reply,Text,,04/08/22 00:04,00-180.png,1512099056914505729,@RethLawrence @sa4ubbm7 @bongbongmarcos @indaysara Haller BAKIT IPAPANALO SI NERI COLMENARES eh allie ng mga CPP NPA yan noh! Wag kami! Di yan mananalo itaga nyo sa...sa...ulo nyo yan! üòèüòèüòèüòè,Emotional
00-181,Anonymous,Reply,Text,,04/08/22 07:24,00-181.png,1512209684966838273,"@CaroniaVeerustm @jetloggins @chinoichikawa @lem2373 @theadtan @ColmenaresPH Dont include Digong in this issue, because Digong is a wise person, lenlen on the otherhand is dumb, when she says she supports Colmenares that is an outright support for the NPA or maybe she is too dumb and did not know anything about Colmenares.",Rational
00-182,Anonymous,Text,Reply,,04/08/22 14:17,00-182.png,1512313780104929283,"@CaroniaVeerustm @Sheena91695537 @jetloggins @chinoichikawa @lem2373 @theadtan @ColmenaresPH Colmenares is either a CPP or NDF member. Sila ang mga nagrerekrut, nang-uuto, at nanggagamit sa mga NPA cadres. Sila ang mga UGAT. Sila ang dapat unang targetin ng militar.",Emotional
00-183,Identified,Text,Image,,04/10/22 15:26,00-183.png,1513055771902492675,"Kiko Pangilinan is running for VP. The VP is now running for President. And who are campaigning for them? CPP's Neri Colmenares and cohorts from KABAG (Kabataan, Anakpawis, Bayan Muna, ACT, Gabriela) tagged by Jose Ma Sison as CPP's alliance. 
 So who tagged who?
 -Antonio Parlade https://t.co/KtrWdJ84qV",Rational
00-184,Anonymous,Reply,Text,,04/12/22 02:53,00-184.png,1513591124455473153,@SunWild1818 May pa reflect2 kapang nalalaman NPA ka eh kahit satanas tinalo mo sa ka demonyo colmenares ehh umayos ka ha baka d ako makapag pigil di kang itlog mo kukuryentehin ko punyeta ka!üòÇ,Emotional
00-185,Anonymous,Text,Reply,,04/12/22 13:51,00-185.png,1513756554671292419,@SunWild1818 Lol mo neri col ewan. Mahilig kasi kayo lumabag sa batas kaya bitter kayo sa martial kasi mga violators kayo kakampi ng NPA MGA SALOT SA LIPUNAN,Emotional
00-186,Anonymous,Reply,Text,,04/13/22 09:39,00-186.png,1514055657510432769,"@abeabeshaupsaup @jpg_donut @pauloro94768483 @ibanaginthecity Hahaha Ako pa ba? Of course no need mo na turuan. Pro NPA naman talaga si VP D kba na nood ng news sya mismo ang ng support,sinabi yan mismo ng balik pamahalaan. Colmenares, anakbayan,gabriela mga NPA yan. Sinabi nga ni Lacson my NPA support sa kanya. That's True! Kaya kulelat!√∞≈∏Àú≈ì",Emotional
00-187,Identified,Reply,Text,,04/13/22 22:56,00-187.png,1514256114610839562,@ColmenaresPH no to CCP/NPA alam na enudoro si @ColmenaresPH Colmenares,Emotional
00-188,Anonymous,Text,Reply,Image (including GIF),04/14/22 07:40,00-188.png,1514388096485249025,@soltaule Sino ka naman po para magsabi kung sino ang dapat at di dapat tularan na mga abogado? Kung lawyer ka ikaw ang di dapat tularan! Support mo pa si Neri Colmenares na NPA supporter! ü§¢ü§Æ https://t.co/prlRsiDe9N,Emotional
00-189,Anonymous,Text,Reply,,04/14/22 15:56,00-189.png,1514512983598280707,@ColmenaresPH Wala kang pag asa NPA colmenares.. red tagging ha? wag kang mag tago dyan.. di pwede senator na NPA sa gobyerno.,Emotional
00-190,Anonymous,Text,Reply,,04/15/22 05:13,00-190.png,1514713466879229954,"@prettybhie_ para anu , @sarahelago kayo ang nasa kanayonan, mga NPA/CPP TANGA KABA?? Utak mong polpol..zero VOTE for Sara elago and Nere Colmenares no to NPA/CPP",Emotional
00-191,Anonymous,Reply,Text,,04/15/22 13:04,00-191.png,1514831998862630912,"@GerryCacanindin Si trillanes npa din yan kunwari lang yan kaya ng magdalo eh‚Ä¶halata naman sinibpwersa na kayo kasama na NPA‚Ä¶colmenares, anakbayan, zarate lukuhin niyo ninuno niyo‚Ä¶!!!",Emotional
00-192,Identified,Text,,,04/16/22 10:54,00-192.png,1515161683345707010,"mrs robredo is really in alliance with the CPP-NDF-NPA.
 It is evident in the inclusion of Colmenares and Labog in the senatorial line up of mrs robredo.
 Hector is right to campaign against mrs robredo, to rid our nation with these vermin who made us suffer for more than 50 years.",Rational
00-193,Identified,Reply,Text,,04/18/22 07:19,00-193.png,1515832416878923784,"@ColmenaresPH Enudoro colmenares alam na, wala kang kadaladala talaga.. NO TO NPA /CPp",Transactional
00-194,Identified,Image,,,04/18/22 09:37,00-194.png,1515867013046235138,Naliligo ng lava ng sindikato aktibista CPP-NPA-NDF ni Neri Colmenares. https://t.co/2jXOYiImkT,Emotional
00-195,Identified,Image,,,04/18/22 22:16,00-195.png,1516058197693505538,"nasaan mga NPA/CPP nasan si Joma shame on you!nasaan si satur ocampo.. nasan si colmenares, nasan si zarate https://t.co/aTKui0WrDX",Emotional
00-196,Anonymous,Reply,Text,,04/22/22 17:21,00-196.png,1517433369457729536,"@ang_makata_00 @barrygutierrez3 @ntfelcac O ano wala ka nang masabi ano??! MAGKALAT KA PA NG FAKE NEWS! Yan ang tatak pinklawan/anti! Hahaha!
 
 Eh yung ina nyong lutang kelan idedenounce ang CPP-NPA-NDF?? LOL! 
 Ay naku, magagalit pala sila colmenares, risa't baguilat! LOL!",Emotional
00-197,Identified,Reply,Text,,04/24/22 01:40,00-197.png,1517921486660861953,"@onenewsph Obvious naman na NPAs are on their side. Jusme, sino bang partido mag eendorse kay Colmenares? üòÇ Or Sino bang hindi na reresearch? üíô‚òùÔ∏è",Rational
00-198,Identified,Reply,,,04/25/22 12:42,00-198.png,1518450412445069314,"@KimIndar If only the people knew that Angel aka Angelica Colmenares is the auntie of Neri Colmenares who is a CPP Party member, they would surely do not want to vote for a group endorsing CPP-NDF-NPA fielded candidates whose aim is to grab power from a legit government.",Transactional
00-199,Identified,Text,,,04/25/22 14:18,00-199.png,1518474599973146624,"If only the people knew that Angel aka Angelica Colmenares is the auntie of Neri Colmenares who is a CPP Party member, they would surely do not want to vote for a group endorsing CPP-NDF-NPA fielded candidates whose aim is to grab power from a legit government. #dandancastro",Transactional
00-200,Anonymous,Reply,Text,,04/25/22 15:03,00-200.png,1518485762932682752,"@RethLawrence @bongbongmarcos @indaysara hindi  ba yong sister ni Angel Locsin NPA daw, tapos uncle yata si Colmenares, obviously mag ka campaign sya ng bongga para kay Lugaw na supported din ng NPA at ni Joma Sison‚Ä¶
NO TO LENI ROBREDO !!!",Transactional
00-201,Identified,Reply,Text,,04/26/22 01:17,00-201.png,1518640405671149568,@ColmenaresPH kung hindi ka NPA panalo ka sana Colmenares,Emotional
00-202,Identified,Reply,Text,,04/27/22 20:42,00-202.png,1519295821694443520,@whitenargacuga @cnnphilippines @anjocalimario Colmenares sungay ng Npa...,Emotional
00-203,Anonymous,Text,,,04/28/22 02:06,00-203.png,1519377523041206272,"But colmenares was alighned with NPA according to Ka Eric former kadre. Gadon, Teodoro, Roque are better choice.",Rational
00-204,Anonymous,Reply,Text,,05/01/22 16:45,00-204.png,1520685903680737280,@reylanreylan Si Makabayan bloc Colmenares. Ang legal front ng NPA ü§£‚úåÔ∏è,Emotional
00-205,Anonymous,Image,,,05/02/22 23:54,00-205.png,1521156123973328896,Wag rin naten hayaan maka upo isang NPA sa Senado kagaya ni Colmenares https://t.co/C3skHPC0eE,Transactional
00-206,Anonymous,Reply,Text,,05/03/22 14:56,00-206.png,1521383265701023744,"@SocietyTupig 61. Sagip -- Cong. Marcoleta's 
 175. Sambayanan -- Jeffrey ""ka Eric"" celiz's.. ELCAC surrenderee who exposed NPAs K.A.B.A.G partylist, Neri Colmenares, and Leni as their endorsed candidate.",Rational
00-207,Anonymous,Text,,,05/04/22 15:35,00-207.png,1521755307802005505,"they say INC indorsed thieves,but how about lenlen who supports NPA like colmenares",Rational
00-208,Anonymous,Reply,Text,,05/05/22 03:11,00-208.png,1521930628408791040,@Paps_Caloy Hahaha huli. May dugong NPA talaga si Colmenares.,Emotional
00-209,Identified,Reply,Text,,05/05/22 06:15,00-209.png,1521976713739382784,"@ColmenaresPH Mga ulol bait baitan lang kayo kapag election, Ikaw Neri never ka naging against sa mga Teroristang NPA, pero pag sa Gov't lahat ng naging Admin my critics ka! Something fishy ka talaga!!",Emotional
00-210,Anonymous,Text,Reply,,05/05/22 08:52,00-210.png,1522016354663952384,"@Edcaster Si Trillanes isang coup plotter. Gumawa ng Bikoy videos. Wala naman ginawang batas para sa bayan. 
 
 Si Neri kasamahan ng CPP-NPA. Kakampi ni JOMA. Kahit minsan di man lang kinondena ang pagpatay ng NPA sa mga sundalo ng Pilipinas.
 
 Kampi ka pala sa mga terrorista.",Rational
00-211,Anonymous,Reply,,,05/07/22 08:26,00-211.png,1522734488174067712,hindi ka cute...nakakatakot mga katulad mo... supporter ng NPA... no to colmenares... no to hontiveros...,Emotional
00-212,Anonymous,Reply,,,05/07/22 22:13,00-212.png,1522942770591432704,@ihateposh @COMELEC I really hope this is legit. Neri Colmenares and the usual noisy party list groups are supportive of CPP-NPA-NDF. They deserve to be kicked out!,Emotional
00-213,Anonymous,Text,,,05/07/22 22:25,00-213.png,1522945740867178501,"Maging mapagmatayag dahil siguradong mang gugulo yung KABAG dahil Disqualify na mga kampon ng NPA pati si Neri Colmenares. 

aabangan natin ang magiging Drama ni Angel Locsin üòÇüòÇüòÇ",Emotional
00-214,Anonymous,Text,,,05/08/22 00:18,00-214.png,1522974100360089600,Am i dreaming? KABAG CPP-NPA-NDF TERRORIST CRIMINAL legal fronts are all disqualified? Plus the traitor NERI CRIMINALRES?,Emotional
00-215,Anonymous,Reply,URL,,05/08/22 03:29,00-215.png,1523022111467401217,"ANGEL LOCSIN tito mo si NERI na disqualified dahil nakikipagsabwatan sa mga NPA. Happy?
 
 Yes we are!
 @143redangel https://t.co/hzclZkT3Tu",Emotional
00-216,Anonymous,Reply,Text,,05/08/22 12:52,00-216.png,1523163892414705665,@im_carissa26 Tama lang para walang NPA mga salot lalo na yang neri colminares na yan!,Emotional
00-217,Anonymous,Reply,Text,,05/08/22 15:26,00-217.png,1523202754583224320,@MissMarisRacal Wag kalimutan member ng CPP/NDF/NPA Colmenares...,Rational
00-218,Identified,Reply,Text,,05/09/22 05:43,00-218.png,1523418244874334208,"@ColmenaresPH I'm sure talo na kayo Neri with your kampon Dilawan and NPA communist, walang puwang Ang mga traydor sa bayan this election...",Rational
00-219,Identified,Reply,Text,,05/10/22 14:29,00-219.png,1523913204468162561,"@aternisizzy yung grandparents ko, NPA victims. Pinatay sa sarili nilang bahay dahil sa ayaw magbigay ng abuloy. 
 Sa loob ng 50 years ng NPA, ilan kaya ang tulad ng mga ninuno ko na pinatay ng walang habas ng mga kaalyado ni Leni? Buti si Colmenares buhay pa, ung lolo ko, wala na.",Rational
00-220,Anonymous,Reply,Text,,05/10/22 20:59,00-220.png,1524011158163709954,"@aternisizzy Iyakan na. Yan napapala nyo. Paniwala agad kayo kaso sa kung ano anong nasagap nyo.
 
 Hoy yung martial law victim.. yun yung mga namatay noong panahon ng martial law. Bakit ba. Namatay na ba si colmenares? Eh dakilang NPA yan! Komunista ang hyop na yan.",Emotional
00-221,Anonymous,Reply,Text,,05/11/22 11:37,00-221.png,1524232158797123584,"@Finnrytter1997 @rowena_guanzon Alam mo sa rural areas Red na Red na yang si Neri ,, kaya madaming naniniwala NPA - Leni , Isa pa Hindi pinansin Ang Rural areas during campaign , puro lang urban ,, Sana Yong H2H naka tuon sa rural Hindi Kilala Ang mga Vloggers , AM/FM radio lang DJ /anchors pro BBM pa nganga na",Rational
00-222,Anonymous,Reply,Text,,05/12/22 11:33,00-222.png,1524593610032750592,"@gmanews Kung alam mo lang Colmenares maraming gustong pumatay sayo, dahil sa mga pinagagawa mo at mga taohan mong NPA sa mga probinsya, inaabangan ka nalang",Emotional
00-223,Anonymous,Reply,Text,,05/12/22 17:49,00-223.png,1524688118992891904,@AiraSarmiento14 Doc me baliw o hahahhaha abnormal laba bawal monggoloid sa senado bawal si colmenares dun NPA. Aso,Emotional
00-224,Anonymous,Reply,Text,,05/13/22 08:02,00-224.png,1524902971104174080,@soltaule @nuplphilippines @BayanMuna MASIPAG NA NPA RECRUITER DIN YAN SI NERI,Emotional
00-225,Anonymous,Reply,Text,,05/13/22 08:08,00-225.png,1524904390741528577,"@MissMarisRacal NPA RECRUITER, KILALA YAN DITO SA PROBINSYA NAMIN! KAYA TALO YANG NERI MO!",Emotional
00-226,Anonymous,Reply,Text,,05/13/22 11:13,00-226.png,1524950930080223232,"@cnnphilippines @jltjavier Sabi ko na eh, CPP NPA NDF Ang mga nagrarally the mere presence Colmen√É res and Labog says it all.",Rational
00-227,Anonymous,Text,,,05/13/22 12:43,00-227.png,1524973696594890754,"Here comes the NPA colmenares, Another salot sa pinas~",Emotional
00-228,Identified,Reply,Text,,05/13/22 13:39,00-228.png,1524987730416979968,@smninews @Sheena_torn Pinamumunuan ng tyuhin ni Angel locsin na si Neri Talunan Colmenares ang protesta ng mga NPA at Komunista. Dapat pag papaluin sa ulo yun mga raliyistang yan.,Emotional
00-229,Anonymous,Reply,Text,,05/13/22 15:27,00-229.png,1525014959666925568,@benign0 Anjan na naman ang mga prente ng cpp/npa/ndf like elago &amp; colmenares. Sige magpagamit kayong mga estudyante.,Emotional
00-230,Anonymous,Reply,Text,,05/14/22 23:50,00-230.png,1525503951340118016,@goddessathena67 Si Colmenares kasapi ng NPA yan,Rational
00-231,Anonymous,Reply,Text,,05/15/22 23:16,00-231.png,1525857600947879938,@simazhuge @dezhionlee1 @yuweet09 @beeeeerlin @gmanews @dzbb Ayaw kumapi sa NPa?? Lol senatorial slate nuya si Colmenares?? Wala ka talagang brain cells.. immature ka siguro nung pinanganak ka,Emotional
00-232,Anonymous,Reply,Text,,05/17/22 19:27,00-232.png,1526524829515632643,"@AriqueEddz @TimOntolan Pag traidor sa una, traidor sa huli. Nagkukubli ka pang mabuting tao sa pagkawang-gawa yon pala may malalim pang Pagaaklas. Isa kang NPA at habang buhay ka ng ganyang. Lokohin mo Tito mo Neri Colminares, iisang NPA kayo. Tama na ang pagbabalat kayo.",Emotional
00-233,Anonymous,URL,,,05/21/22 02:53,00-233.png,1527724196037414912,"Former CPP-NPA Cader, siniwalat ang koneksyon ni Neri Colmenares at ng MAKABAYAN BLOC sa NPA!!
 
 https://t.co/IojZlBFY3S",Rational
00-234,Identified,Reply,Text,,05/26/22 07:21,00-234.png,1529603485620391937,"@syltrltgtr @crabby_625 Ilan lang sa mga fronts ng CPP/NDF/NPA na kaalyado ni Leni partylist groups: BAYAN, KMU, KMP, GABRIELA, LFS, ACT, Akbayan. Dahil sa 1987 constitution, nakawala si Joma Sison at naging legal mga yan. Kasama sa lineup nyo sina Risa Hontiveros at Neri Colmenares di ba?",Rational
00-235,Anonymous,Reply,Text,,06/08/22 14:38,00-235.png,1534424517388300288,"@Viethmier1 Well the only name familiar to me who filed a case in Hawaii were Etta Rosales and Neri Colmenares, and you wonder why they were incarcerated during martial law together with Joma and benigno. Most of the listed names were all associated with the NPA during martial law.",Rational
00-236,Identified,Reply,Text,,06/13/22 23:30,00-236.png,1536370477744066560,@ColmenaresPH you are done colmenares hahaha NPA ka talaga,Emotional
00-237,Anonymous,Reply,Text,,06/14/22 23:06,00-237.png,1536726787837009920,@News5PH Taenna mga to. Lahat na lang. Yna mo Colmenares! Npa kang hinayupak ka!,Emotional
00-238,Anonymous,Text,,,06/16/22 02:40,00-238.png,1537142988509327361,Neri colmenares ikaw ang dapat mag sorry dahil noon Marcos regime na jail ka dahil sa paki pag sanib mo sa NPA na hanggang ngayon kayo ang salot ng lipunan. Human rights kayo ang no 1 violators. Kawawa mga kabataan na brain wash ninyo,Emotional
00-239,Anonymous,Text,,,06/16/22 14:39,00-239.png,1537323975482949632,"Totoo naman biktima si Neri ng ML.
 
 NPA kase sya dati.",Rational
00-240,Anonymous,Reply,Text,,06/16/22 21:27,00-240.png,1537426765689548800,"@Aldgy13 Ito talagang bugok na Colmenares, NPA kasi to, may masabi lang ok na.",Emotional
00-241,Identified,URL,,,06/17/22 07:52,00-241.png,1537583854667542529,ATTY NERI COLMENARES exposed by his member as terrorist group CPP-NPA-NDF RECRUITERs leader. Member was promised scholarship education and was tasked to recruit more young students to be members of this terrorist group. https://t.co/YCTkAQyRIN via @YouTube,Rational
00-242,Media,Reply,Text,,06/19/22 05:21,00-242.png,1538270622098280449,@ColmenaresPH Your e next in line Colmenares. You are an NPA commander,Transactional
00-243,Anonymous,Reply,Text,,06/20/22 12:57,00-243.png,1538747807502327813,"@nimfaravelo @dzbb @senkokopimentel Renato Reyes - in-charge sa pagwewelga.
 Neri colminares - distributor ng information and communication in charge sa mga leader ng CCP-NPA-NDF sa ibat ibang panig ng bansa 
 Koko Pimentel - point of communication ng mga Dilawan at US oligarchs na nag-fifinance ng sabotahe sa bansa",Rational
00-244,Anonymous,Reply,,,02/10/22 07:34,00-244.png,1491556119285690368,Wag iboto si Neri Colmenares ng Bayan Muna Alam nyo mga Tuta ni JOMA Sison #UnbotheredQueenToniG,Rational
00-245,Anonymous,Reply,Text,,02/14/22 07:47,00-245.png,1493009015403646977,@habibi_tinatina Zero vote to CTG CPPNPANDF CADRE Neri Colmenares.,Emotional
00-246,Anonymous,Reply,Text,,02/01/22 19:24,00-246.png,1488473296169365504,@faithtmercx SO AS THE COMMUNIST TERRORISTS LIKE NERI COLMENARES AND THE MAKABAYAN BLOC WHO ARE JOINING LUTANG. #BastaInggitKakampwet üòÇ,Emotional
00-247,Anonymous,Reply,,,02/13/22 18:53,00-247.png,1492814168931516418,"@evesileca @inquirerdotnet @JEMendozaINQ I dont think so, with Leni siding with communist terrorists like Makabayan, Gabriella and Neri Colmenares, she will have trust issues on loyalty to the Phil. Government. https://t.co/08AuGbRHlC",Transactional
00-248,Anonymous,Reply,Text,,02/23/22 20:32,00-248.png,1496462964538634243,"@Baesil1998 @AlliyahKeziah @boynextfloor1 @nikkidottxt Bago ka makipag debate, basahin mo muna life story ni Joma Sison, kasama na mga kampon niya tulad ni Teddy Casino, Neri Colmenares, Makabayan bloc, Gabreila.",Rational
00-249,Anonymous,Image,,,03/03/22 17:02,00-249.png,1499309307132735491,"That's ok Neri Colmenares if you can't attend, you're always present on the street. You're over exposed, you are constantly shouting ""Overthrow the Duterte regime!"" , ""Marcos thief!"" ,""Joma Sison for President!"" what else do you need? Give me a favor shout this ""Let Leni Read!""√∞≈∏Àú‚Ä¶ https://t.co/q84c0yS2Ui",Emotional
